,Agent,Home Type,Year Built,Address,Bedrooms,Bathrooms,Square Feet,Price,Sold Date,Sold Price
0,,single_family,2022.0,8273 NE Kinnaman,3.0,3.0,,549990.0,,
1,,single_family,1975.0,9070 SW Parkview Loop,4.0,2.0,8712.0,600000.0,,
2,,single_family,1940.0,35 NW 173rd Ave,5.0,2.0,19166.0,569500.0,1983-01-01,65500.0
3,,townhomes,1977.0,6664 SW Sussex St,2.0,2.0,1307.0,327000.0,2015-03-13,133825.0
4,,single_family,1996.0,7941 SW Leland Dr,3.0,3.0,7841.0,689000.0,2002-08-09,299450.0
5,,condos,2005.0,1010 SW 170th Ave Unit 200,3.0,3.0,,390000.0,,
6,,single_family,1954.0,8125 SW Canyon Rd,4.0,3.0,30928.0,995000.0,,
7,,single_family,1960.0,14480 SW Jenkins Rd,0.0,3.0,30056.0,5000000.0,,
8,,single_family,1975.0,8915 SW Sheridan Ct,3.0,2.0,10890.0,614900.0,2002-09-27,184900.0
9,,single_family,1950.0,16190 SW Hart Rd,4.0,2.0,10890.0,489000.0,2020-07-15,435000.0
10,,single_family,1961.0,17760 SW Alexander St,2.0,1.0,6534.0,375000.0,2016-03-15,199000.0
11,,single_family,1982.0,6168 SW 162nd Pl,4.0,3.0,9148.0,735000.0,2005-05-16,213000.0
12,,single_family,1999.0,7615 SW Gearhart Dr,3.0,3.0,4792.0,625000.0,2016-09-30,357000.0
13,,single_family,2018.0,16849 SW Friendly Ln,4.0,3.0,2614.0,679900.0,2021-03-10,588000.0
14,,single_family,1980.0,7875 SW Carol Glen Pl,4.0,3.0,7841.0,659500.0,2017-12-15,435000.0
15,,single_family,2022.0,SW Silvertip St,4.0,4.0,,914000.0,,
16,,single_family,2005.0,2533 NW Rogue Valley Ter,3.0,3.0,1742.0,435000.0,2006-02-22,226900.0
17,,single_family,2001.0,15677 SW Black Quartz St,3.0,2.0,1307.0,435000.0,2022-05-24,420800.0
18,,single_family,1985.0,17695 SW Washington Dr,3.0,2.0,7405.0,581000.0,2022-04-29,525400.0
19,,single_family,2005.0,15465 SW Cobalt Ln,2.0,3.0,1307.0,450000.0,2022-06-01,444600.0
20,,single_family,1989.0,10155 SW 155th Ave,5.0,3.0,9148.0,997000.0,2002-09-30,362500.0
21,,single_family,1920.0,23705 SW Rosedale Rd,3.0,1.0,1508918.0,8700000.0,2020-08-27,86000.0
22,,single_family,2004.0,14480 NW Pioneer Park Way,3.0,3.0,5227.0,706000.0,2005-02-14,276370.0
23,,single_family,1995.0,20252 SW Tremont Way,4.0,4.0,13068.0,1140000.0,2015-05-22,628000.0
24,,townhomes,1999.0,14245 SW Cougar Ridge Dr,2.0,3.0,1307.0,340000.0,2002-05-09,143500.0
25,,single_family,2003.0,20706 SW Marimar St,3.0,3.0,2178.0,475000.0,2018-12-11,325000.0
26,,single_family,1981.0,7265 SW 173rd Ave,3.0,2.0,7405.0,520000.0,1986-08-01,55200.0
27,,townhomes,2013.0,11915 SW Horizon Blvd,2.0,3.0,1307.0,475000.0,2013-07-03,223995.0
28,,single_family,2001.0,4068 NW Kino Springs Pl,4.0,3.0,4792.0,775000.0,2015-06-26,439000.0
29,,condos,1998.0,10660 SW Davies Rd Unit 41,2.0,2.0,,275000.0,2012-06-14,74000.0
30,,single_family,1960.0,12635 SW Butner Rd,3.0,1.0,7405.0,395000.0,1995-11-30,104000.0
31,,townhomes,1977.0,6732 SW Sussex St,2.0,2.0,1307.0,300000.0,1998-06-03,115000.0
32,,single_family,1956.0,13470 SW Far Vista Dr,3.0,2.0,68389.0,525000.0,,
33,,single_family,2007.0,7085 SW Kelsi Ter,4.0,4.0,5227.0,885000.0,2008-03-12,670000.0
34,,single_family,2002.0,17469 SW Arbutus Dr,5.0,5.0,17424.0,1349000.0,2002-09-27,640000.0
35,,single_family,1978.0,17585 NW Autumn Ridge Dr,3.0,2.0,7405.0,600000.0,1978-07-01,54500.0
36,,single_family,1963.0,13550 SW 22nd St,3.0,2.0,6970.0,575000.0,1979-12-01,58000.0
37,,single_family,1996.0,16918 SW Steele Way,3.0,3.0,2178.0,429000.0,1996-07-25,120000.0
38,,single_family,2020.0,9537 SW 171st Ave,5.0,4.0,4356.0,790000.0,2020-08-07,545000.0
39,,single_family,1952.0,965 SW Murray Blvd,3.0,2.0,26136.0,600000.0,1980-10-01,67500.0
40,,single_family,2021.0,18421 SW Sugarloaf Ln,4.0,3.0,3920.0,680000.0,,
41,,single_family,2017.0,15910 SW Nora Rd,5.0,5.0,54886.0,1650000.0,2006-07-21,385000.0
42,,single_family,1998.0,19072 SW Christopher Dr,3.0,3.0,3920.0,499000.0,2016-09-09,265000.0
43,,single_family,1956.0,5545 SW Dover Ln,3.0,2.0,10019.0,719000.0,2013-12-20,339000.0
44,,single_family,1978.0,16385 SW Wright St,3.0,2.0,7841.0,590000.0,2022-06-06,560700.0
45,,condos,1974.0,1605 NW Bridgeway Ln,3.0,3.0,,365000.0,2022-06-02,343900.0
46,,single_family,1988.0,16680 NW Meadow Grass Ct,3.0,2.0,6098.0,590000.0,2022-06-06,576800.0
47,,single_family,1991.0,1422 SW 178th Ave,3.0,2.0,5227.0,525000.0,2022-03-30,415000.0
48,,single_family,1972.0,3885 SW 196th Ave,3.0,1.0,7841.0,500000.0,2022-05-06,478300.0
49,,townhomes,2001.0,15934 SW Roth Dr,3.0,3.0,2178.0,409000.0,2017-07-27,273000.0
50,,single_family,,12802 SW Incline Drive,4.0,,,682990.0,,
51,,single_family,2022.0,12243 SW Strobel Rd,3.0,3.0,3986.0,795200.0,,
52,,single_family,2022.0,12239 SW Strobel Rd,3.0,3.0,4361.0,842510.0,,
53,,single_family,2002.0,224 NW Prescott Pl,3.0,3.0,1742.0,425000.0,2003-07-31,153010.0
54,,single_family,1949.0,110 SW 139th Ave,3.0,1.0,6098.0,449500.0,2003-09-08,155550.0
55,,single_family,,Tbd Sw Doubletop Dr Lot 78,4.0,3.0,,658990.0,,
56,,condo_townhome_rowhome_coop,,17.1 SW Buckhorn Dr,4.0,3.0,,574990.0,,
57,,condo_townhome,,12802 SW Incline Drive,4.0,,,574990.0,,
58,,single_family,,12802 SW Incline Drive,4.0,,,684990.0,,
59,,single_family,1993.0,16507 SW Timberland Dr,4.0,4.0,9583.0,839000.0,2014-06-25,399000.0
60,,single_family,2005.0,17959 SW Camas St,2.0,3.0,3049.0,429900.0,2020-01-21,305000.0
61,,single_family,1977.0,9120 SW Pony Pl,3.0,2.0,14375.0,650000.0,2022-05-03,435000.0
62,,single_family,1987.0,2260 NW 160th Ave,5.0,3.0,6534.0,750000.0,2011-07-25,319500.0
63,,single_family,1974.0,18735 SW Honeywood Dr,3.0,2.0,9583.0,585000.0,2018-06-21,454000.0
64,,single_family,2022.0,86 SW Pyramid Ter,3.0,3.0,,649990.0,,
65,,single_family,1995.0,16721 NW Paddington Dr,3.0,3.0,5663.0,715000.0,1995-10-31,190464.0
66,,single_family,1989.0,10525 SW 161st Ct,5.0,3.0,7841.0,785000.0,2015-01-20,497000.0
67,,single_family,2022.0,65 SW Doubletop Dr Unit 65,4.0,3.0,,682990.0,,
68,,single_family,2022.0,12260 SW Strobel Rd,3.0,3.0,5755.0,925580.0,,
69,,townhomes,2003.0,16024 SW Gage Ln,3.0,3.0,871.0,439500.0,2017-08-03,321000.0
70,,single_family,1995.0,7486 SW 208th Pl,4.0,3.0,6098.0,649000.0,2018-04-10,460000.0
71,,condos,2005.0,16265 SW Blue Goose Ln,3.0,3.0,,469000.0,2005-05-31,226602.0
72,,single_family,1999.0,21581 SW Frammy Way,3.0,2.0,4792.0,599000.0,2020-09-02,389500.0
73,,condos,2012.0,11830 NW Holly Springs Ln Unit 304,2.0,2.0,,350000.0,2019-12-19,234000.0
74,,townhomes,1971.0,7460 SW Wilson Ct,2.0,2.0,,419810.0,2020-07-29,259500.0
75,,townhomes,2005.0,8700 SW 147th Ter Unit 102,2.0,3.0,,382500.0,2020-04-20,282450.0
76,,single_family,2022.0,12246 SW Strobel Rd,3.0,3.0,,930740.0,,
77,,condos,1986.0,9365 SW 146th Ter Apt 3,2.0,2.0,,309900.0,2010-03-15,120000.0
78,,mobile,1976.0,375 SW Liberty Bell Dr,2.0,2.0,,89000.0,1989-12-12,4016058.0
79,,single_family,2013.0,580 NW Lost Springs Ter Unit 304,2.0,2.0,,345000.0,2020-03-24,265000.0
80,,single_family,1978.0,9330 SW Downing Dr,2.0,2.0,3920.0,425000.0,2018-09-19,230000.0
81,,single_family,1995.0,3241 SW Alicia Pl,3.0,3.0,3920.0,449900.0,2016-12-20,285000.0
82,,single_family,1948.0,11725 SW 13th St,3.0,2.0,8276.0,500000.0,2018-02-05,290000.0
83,,townhomes,2022.0,17104 SW Albatross Ln Lot 4,3.0,3.0,2178.0,624950.0,,
84,,single_family,2014.0,10495 SW Crestwood Dr,3.0,3.0,4356.0,670000.0,2014-02-28,210000.0
85,,single_family,1967.0,6470 SW Elm Ave,3.0,2.0,8712.0,699000.0,,
86,,single_family,2018.0,16859 SW Larkspring Ln,4.0,3.0,,789000.0,2018-06-15,548436.0
87,,single_family,2022.0,2763 SW Maycrest Ter,3.0,3.0,,596950.0,,
88,,single_family,2022.0,2749 SW Maycrest Ter,3.0,3.0,,569950.0,,
89,,single_family,1963.0,10370 SW Cynthia St,4.0,2.0,18295.0,915000.0,2015-08-14,540000.0
90,,single_family,1989.0,754 SW 175th Pl,3.0,3.0,6534.0,625000.0,2018-01-10,380000.0
91,,single_family,,12802 SW Incline Drive,4.0,,,658990.0,,
92,,single_family,,Tbd Sw Doubletop Dr Lot 67,4.0,3.0,,684990.0,,
93,,single_family,1992.0,1067 SW Tobias Way,3.0,2.0,6098.0,549000.0,2018-09-07,372500.0
94,,condos,2003.0,13720 SW Scholls Ferry Rd Unit 101,3.0,3.0,,425000.0,2015-07-09,219900.0
95,,single_family,1978.0,8710 SW Indian Hill Ln,4.0,2.0,9583.0,544999.0,1978-05-01,57900.0
96,,single_family,1982.0,6723 SW 153rd Ave,3.0,2.0,8712.0,469900.0,2001-01-12,168600.0
97,,single_family,1997.0,16530 SW Whitetail Ln,5.0,4.0,9583.0,929900.0,2012-10-26,409800.0
98,,single_family,1995.0,10275 SW Shearwater Loop,4.0,3.0,7841.0,679000.0,2010-07-08,355000.0
99,,single_family,1948.0,12225 SW Greenwood St,4.0,2.0,9583.0,625000.0,2017-11-30,434000.0
100,,single_family,1987.0,7105 SW Kaufman Dr,4.0,3.0,5663.0,574900.0,2020-04-09,414000.0
101,,single_family,1997.0,19673 SW Boulder Ln,4.0,3.0,8276.0,799950.0,2016-11-10,525000.0
102,,single_family,2015.0,7235 SW Capstone Ct,3.0,3.0,3049.0,475000.0,2015-12-31,313450.0
103,,single_family,2003.0,11648 SW Waterthrush Ter,2.0,3.0,,439000.0,2021-11-12,405000.0
104,,condos,2006.0,15485 SW Sparrow Loop Unit 104,2.0,3.0,,359000.0,2006-05-18,195990.0
105,,townhomes,2005.0,2476 NW Crosswater Ter,2.0,3.0,1742.0,425000.0,2017-10-12,325000.0
106,,single_family,2005.0,13090 SW Madison Ct,4.0,3.0,7405.0,899500.0,2005-05-25,460000.0
107,,single_family,1975.0,8655 SW Parkview Loop,3.0,3.0,7841.0,625000.0,2013-07-26,280000.0
108,,single_family,1989.0,17375 NW Bernard Pl,3.0,2.0,7405.0,559900.0,2007-05-15,302000.0
109,,condos,2018.0,17182 SW Appledale Rd Unit 401,3.0,2.0,,399000.0,,
110,,condos,1978.0,1585 NW Eastbrook Ct,2.0,2.0,,310000.0,2007-06-20,163000.0
111,,single_family,1950.0,13895 SW Todd St,3.0,1.0,6098.0,489000.0,2012-11-15,175000.0
112,,single_family,1982.0,2435 SW 206th Pl,3.0,2.0,5663.0,370000.0,1984-05-01,72485.0
113,,townhomes,2002.0,20669 NW Painted Mountain Dr,3.0,3.0,3049.0,449000.0,2019-06-28,325000.0
114,,townhomes,2004.0,9530 SW Lodestone Dr,3.0,3.0,1742.0,478000.0,2016-07-27,268000.0
115,,condos,2007.0,680 NW Falling Waters Ln Unit 105,2.0,2.0,,375000.0,2020-02-11,292500.0
116,,townhomes,2010.0,15900 SW Marlee Ln,3.0,3.0,2614.0,450000.0,2018-04-23,340000.0
117,,single_family,1961.0,4875 SW 192nd Ave,3.0,2.0,11761.0,549500.0,2002-07-31,175500.0
118,,single_family,2003.0,6092 SW 208th Pl,3.0,3.0,2614.0,574900.0,2019-06-28,380000.0
119,,townhomes,2006.0,1272 SW 162nd Ave,2.0,3.0,871.0,399900.0,2015-03-05,180000.0
120,,condos,2007.0,675 NW Falling Waters Ln Unit 303,1.0,1.0,,295000.0,,
121,,condos,2014.0,13895 SW Meridian St Unit 215,2.0,2.0,,334900.0,,
122,,single_family,1983.0,16184 SW Deline Ct,4.0,2.0,6970.0,615000.0,2007-08-31,284000.0
123,,single_family,1956.0,5435 SW 152nd Ave,4.0,2.0,19602.0,620000.0,2017-12-21,361500.0
124,,single_family,1999.0,7765 SW Carrollon Dr,4.0,3.0,4792.0,679990.0,2019-06-12,489950.0
125,,single_family,1998.0,1167 SW 183rd Pl,3.0,3.0,1742.0,480000.0,2013-07-08,174399.0
126,,single_family,1992.0,450 NW 167th Ave,3.0,2.0,9583.0,650000.0,1992-02-19,55200.0
127,,single_family,,12400 SW Strobel Rd,3.0,,,755990.0,,
128,,single_family,,12400 SW Strobel Rd,4.0,,,864990.0,,
129,,single_family,1926.0,1940 SW 71st Ave,5.0,6.0,21344.0,1250000.0,,
130,,single_family,2019.0,17357 SW Dotterel Ln,4.0,3.0,3485.0,849900.0,2019-10-22,599900.0
131,,single_family,1963.0,13215 SW Evergreen St,3.0,3.0,7841.0,599000.0,1992-09-10,93900.0
132,,single_family,1982.0,8309 SW Lori Way,3.0,2.0,7841.0,554900.0,1993-12-27,110000.0
133,,single_family,1972.0,13545 SW Hart Rd,4.0,2.0,4800.0,589500.0,1985-11-01,78000.0
134,,single_family,2004.0,15726 SW Snowy Owl Ln,4.0,3.0,4356.0,599900.0,2004-05-20,276383.0
135,,condos,2006.0,12780 SW Merganser Ln,3.0,3.0,,489900.0,2016-09-12,316500.0
136,,single_family,2004.0,14415 NW Pioneer Park Way,4.0,3.0,4792.0,699000.0,2016-05-20,452000.0
137,,single_family,,8 SW Strobel Rd Unit 3,3.0,3.0,,538990.0,,
138,,single_family,2014.0,14336 SW Rancher Ln,3.0,3.0,2614.0,609900.0,2019-11-22,435000.0
139,,single_family,2002.0,4339 SW Enduro Pl,3.0,3.0,4356.0,657000.0,2022-05-20,624800.0
140,,condos,1954.0,8410 SW Canyon Ln Apt 4,1.0,1.0,,200000.0,2019-10-23,169800.0
141,,condos,2005.0,14830 SW Sandhill Loop Unit 201,2.0,2.0,,365000.0,2020-07-08,268500.0
142,,single_family,,12400 SW Strobel Rd,4.0,,,823990.0,,
143,,single_family,,12400 SW Strobel Rd,3.0,,,821990.0,,
144,,single_family,2011.0,20008 SW Squire Dr,4.0,3.0,5663.0,659000.0,2015-08-19,368000.0
145,,single_family,1969.0,4600 SW 170th Ave,3.0,1.0,7405.0,456000.0,2022-04-29,427800.0
146,,single_family,1985.0,950 NW 161st Ter,4.0,4.0,8712.0,800000.0,1996-06-18,227000.0
147,,single_family,1978.0,5920 SW 161st Ave,3.0,3.0,8712.0,589900.0,2022-04-05,438750.0
148,,multi_family,1973.0,6295 SW 188th Ct,4.0,2.0,9999.0,550000.0,,
149,,single_family,1972.0,5065 SW Normandy Pl,2.0,2.0,2614.0,359000.0,2006-05-08,172500.0
150,,single_family,,Tbd Sw Doubletop Dr Lot 66,4.0,3.0,,684990.0,,
151,,single_family,1982.0,6611 SW 153rd Ave,3.0,2.0,9148.0,599900.0,2005-06-10,254900.0
152,,single_family,,12802 SW Incline Drive,3.0,,,538990.0,,
153,,single_family,,12802 SW Incline Drive,3.0,,,501990.0,,
154,,single_family,,12400 SW Strobel Rd,3.0,,,815990.0,,
155,,single_family,,Tbd Sw Doubletop Dr Lot 65,4.0,3.0,,682990.0,,
156,,single_family,1987.0,10165 SW 153rd Ave,5.0,4.0,6970.0,785300.0,2017-12-22,500000.0
157,,condos,2007.0,8838 NE Brentford Way,2.0,3.0,,375000.0,2007-10-02,218020.0
158,,single_family,2016.0,2148 NW 163rd Ter,4.0,3.0,3049.0,669999.0,2016-10-05,422215.0
159,,single_family,,8 SW Strobel Rd Unit 2,3.0,3.0,,499990.0,,
160,,condos,2009.0,11845 NW Stone Mountain Ln Unit 306,1.0,1.0,,245000.0,2011-05-27,119990.0
161,,single_family,1991.0,19595 SW Hennig St,4.0,3.0,6534.0,575000.0,2016-04-28,338000.0
162,,single_family,2005.0,9288 SW Diamond View Way,4.0,3.0,6970.0,699999.0,2018-07-18,460000.0
163,,single_family,1979.0,1860 SW 192nd Ave,3.0,2.0,8276.0,500000.0,2009-10-27,194900.0
164,,townhomes,2004.0,6305 SW 208th Ter,3.0,3.0,1742.0,410000.0,2014-05-09,175000.0
165,,townhomes,2008.0,15163 SW Canyon Wren Way,3.0,3.0,1307.0,450000.0,2008-05-07,256400.0
166,,condos,1967.0,13155 SW Allen Blvd Apt 9,2.0,1.0,,268700.0,,
167,,single_family,1990.0,7354 SW 166th Ter,3.0,3.0,6098.0,700000.0,2022-04-21,610600.0
168,,townhomes,2018.0,13243 SW 169th Ave,2.0,3.0,1742.0,445000.0,2018-08-22,385256.0
169,,single_family,2006.0,8681 SW 184th Dr,3.0,3.0,6534.0,775000.0,2009-05-01,425000.0
170,,single_family,2003.0,20590 SW Marimar St,3.0,3.0,2178.0,499000.0,2018-12-21,325100.0
171,,single_family,1950.0,6560 SW 124th Ave,2.0,1.0,9148.0,350000.0,2003-08-21,134000.0
172,,single_family,2013.0,14250 SW Compass Dr,3.0,3.0,1307.0,525000.0,2013-08-30,267964.0
173,,single_family,1984.0,6750 SW 175th Ave,3.0,2.0,7841.0,525000.0,2014-07-25,268900.0
174,,single_family,1977.0,540 SW 191st Ave,3.0,2.0,8712.0,479995.0,2020-12-15,426000.0
175,,single_family,1973.0,2005 SW 185th Ave,2.0,1.0,7405.0,350000.0,,
176,,single_family,1978.0,3838 SW 205th Ave,3.0,2.0,7405.0,539000.0,1997-03-03,110000.0
177,,single_family,1993.0,16508 SW Timberland Dr,4.0,3.0,8276.0,749900.0,2020-12-31,115000.0
178,,condos,1981.0,650 SW Meadow Dr Unit 124,3.0,2.0,,325000.0,2019-05-08,189000.0
179,,mobile,1979.0,17695 SW Declaration Way,3.0,2.0,,129000.0,1987-12-01,20000.0
180,,single_family,1989.0,3959 NW Craig Dr,4.0,2.0,6098.0,699000.0,2021-04-22,620000.0
181,,single_family,1949.0,2635 SW 192nd Ave,4.0,2.0,9583.0,615000.0,2020-06-16,420000.0
182,,townhomes,1980.0,6687 SW 180th Ave,3.0,3.0,3920.0,520000.0,2022-05-20,502100.0
183,,single_family,1978.0,1020 SW 193rd Ct,3.0,3.0,6970.0,610000.0,2014-12-29,255000.0
184,,condo_townhome,,12802 SW Incline Drive,3.0,,,489990.0,,
185,,single_family,,12400 SW Strobel Rd,3.0,,,821990.0,,
186,,single_family,1972.0,20780 SW Wyngate St,4.0,2.0,9148.0,495000.0,2021-03-19,360000.0
187,,condos,2004.0,14705 SW Sandhill Loop Unit 204,2.0,2.0,,360000.0,2014-12-23,180000.0
188,,single_family,1950.0,11970 SW Denney Rd,2.0,1.0,55757.0,1575000.0,2005-06-30,325000.0
189,,condos,1979.0,11721 SW Boones Bend Dr Unit 9,2.0,1.0,,279900.0,,
190,,single_family,1960.0,15960 SW Division St,4.0,2.0,14375.0,599900.0,2001-05-03,165000.0
191,,single_family,1994.0,224 SW 212th Ave,3.0,3.0,6098.0,649000.0,2014-10-16,303000.0
192,,townhomes,2003.0,6365 SW Vinwood Ter,3.0,3.0,1742.0,424900.0,2019-12-17,306000.0
193,,single_family,2022.0,8230 SE Blanton St,3.0,3.0,,549990.0,,
194,,single_family,1999.0,20364 SW Inglis Dr,4.0,4.0,43560.0,1799000.0,2006-05-18,1280000.0
195,,single_family,1966.0,11770 SW Blakeney St,3.0,3.0,6970.0,689900.0,2021-08-06,645000.0
196,,single_family,1977.0,20475 SW Jaylee St,5.0,3.0,6970.0,659950.0,2015-05-15,369000.0
197,,single_family,1976.0,13415 SW Barlow Rd,3.0,3.0,6970.0,675100.0,,
198,,condos,2007.0,760 NW 185th Ave Unit 306,2.0,1.0,,299000.0,2016-02-08,157000.0
199,,single_family,1994.0,4446 SW Appletree Pl,3.0,3.0,4792.0,525000.0,2007-04-12,259900.0
200,,condos,1986.0,9540 SW 146th Ter Apt 1,2.0,2.0,,299900.0,2017-12-21,194000.0
201,,townhomes,2003.0,7035 SW Lorna Ter,3.0,3.0,1742.0,395000.0,2008-09-23,194840.0
202,,single_family,1985.0,1235 SW 211th Pl,3.0,2.0,5663.0,525000.0,2008-03-06,270000.0
203,,single_family,1963.0,5065 SW 163rd Ave,3.0,2.0,7405.0,489900.0,1996-12-20,149000.0
204,,townhomes,2004.0,14950 SW Conor Cir,3.0,3.0,,430000.0,2004-08-25,159900.0
205,,single_family,1976.0,2185 SW 189th Ave,3.0,2.0,9148.0,590000.0,2017-05-05,360000.0
206,,single_family,1975.0,6550 SW 203rd Ave,3.0,2.0,8712.0,519900.0,2018-08-31,360000.0
207,,townhomes,2003.0,20566 NW Sedona Ln,3.0,3.0,2178.0,449000.0,2016-06-30,260100.0
208,,single_family,,12400 SW Strobel Rd,3.0,,,781990.0,,
209,,single_family,1986.0,6515 SW 154th Pl,4.0,3.0,7405.0,774900.0,2007-07-18,384000.0
210,,single_family,2001.0,12095 SW Fulmar Ter,4.0,3.0,5663.0,739900.0,2017-07-20,547000.0
211,,single_family,1948.0,12125 SW Greenwood St,3.0,2.0,9148.0,519000.0,1994-10-17,52250.0
212,,townhomes,2004.0,15225 SW Sparrow Loop Unit 102,2.0,3.0,,385000.0,2021-10-25,330000.0
213,,condos,1986.0,20470 SW Rosa Dr,2.0,2.0,,319000.0,,
214,,single_family,2019.0,16572 SW Snowdale St,4.0,3.0,3920.0,799000.0,2020-02-24,604990.0
215,,townhomes,2004.0,9515 SW 153rd Ave,3.0,3.0,2614.0,499000.0,2015-06-18,248500.0
216,,single_family,1994.0,21532 SW Samantha Ln,3.0,3.0,6970.0,585000.0,2017-08-28,390000.0
217,,single_family,1995.0,18246 SW Berg Ct,3.0,2.0,4356.0,515000.0,2015-08-12,249900.0
218,,single_family,,12400 SW Strobel Rd,3.0,,,860990.0,,
219,,single_family,,12400 SW Strobel Rd,3.0,,,815990.0,,
220,,single_family,2022.0,8842 SW 176th Ave Unit 12,4.0,3.0,4356.0,699950.0,,
221,,condos,2003.0,1173 NE Perl Way,3.0,2.0,,379000.0,2022-05-18,358300.0
222,,single_family,1958.0,5340 SW Dover Ln,3.0,3.0,10019.0,819900.0,2003-10-31,316000.0
223,,single_family,1988.0,10585 SW 133rd Pl,4.0,3.0,6970.0,700000.0,2016-06-14,578969.0
224,,mobile,1995.0,17473 NW Shady Fir Loop Unit 54,3.0,2.0,,268000.0,,
225,,townhomes,2003.0,17447 SW November Ct,3.0,3.0,871.0,399900.0,2018-09-28,279900.0
226,,single_family,1995.0,175 SW Seminole Dr,3.0,3.0,7405.0,499000.0,2005-05-20,223000.0
227,,mobile,1995.0,17495 NW Shady Fir Loop Unit 58,3.0,2.0,,229900.0,,
228,,single_family,1993.0,16205 SW Nighthawk Dr,5.0,3.0,12197.0,985000.0,,
229,,single_family,1995.0,600 NW 176th Ct,4.0,3.0,5227.0,550000.0,1998-03-24,150000.0
230,,single_family,1968.0,975 SW Perfecta Ave,3.0,2.0,9583.0,569000.0,1986-04-01,59500.0
231,,condos,2015.0,13875 SW Meridian St Unit 140,1.0,1.0,,275000.0,2015-04-23,149900.0
232,,condos,2005.0,12675 SW Night Heron Ln Unit 102,3.0,3.0,940.0,412000.0,2022-03-23,320000.0
233,,townhomes,2002.0,17481 SW October Ct,4.0,3.0,871.0,369000.0,2021-09-30,350000.0
234,,single_family,1977.0,16110 SW Rosa Rd,3.0,2.0,7841.0,589900.0,2017-09-29,380000.0
235,,townhomes,2002.0,15457 SW Bygones Ct,3.0,3.0,3920.0,475000.0,2020-10-16,356000.0
236,,single_family,1978.0,8147 SW 184th Ave,4.0,3.0,11761.0,649900.0,2003-05-07,232500.0
237,,single_family,1986.0,9060 SW Quint Ct,3.0,2.0,6970.0,519000.0,1994-12-29,120000.0
238,,single_family,2022.0,8488 SW 176th Ave,3.0,3.0,,679950.0,,
239,,single_family,1997.0,12410 SW Macorey Ct,3.0,2.0,5227.0,479000.0,1998-02-12,156950.0
240,,single_family,1930.0,6845 SW 195th Ave,2.0,1.0,8712.0,325000.0,1983-08-01,36000.0
241,,single_family,1967.0,13855 SW 20th St,3.0,1.0,7405.0,499000.0,2013-09-05,204450.0
242,,single_family,1971.0,7525 SW 142nd Ct,3.0,2.0,9148.0,599900.0,1996-01-02,166000.0
243,,single_family,1978.0,20575 SW Clarion St,3.0,2.0,8276.0,585000.0,2020-06-03,450000.0
244,,townhomes,2012.0,16275 SW Mason Ln,3.0,3.0,871.0,445000.0,2018-11-08,307000.0
245,,single_family,1969.0,11875 SW Ridgeview Ter,5.0,3.0,7841.0,849900.0,2014-09-05,359900.0
246,,single_family,1986.0,13920 SW Secretariet Ln,3.0,2.0,8276.0,700000.0,2019-04-29,565000.0
247,,single_family,1985.0,17509 NW Autumn Ridge Dr,3.0,2.0,8276.0,650000.0,2022-04-15,650000.0
248,,single_family,1980.0,12680 SW Tiger Lilly Ln,4.0,3.0,7841.0,685000.0,1986-10-01,87500.0
249,,single_family,1984.0,6828 SW 204th Ave,3.0,2.0,7841.0,534999.0,2017-12-28,336900.0
250,,townhomes,2000.0,15970 SW Roth Dr,3.0,3.0,2178.0,439900.0,2016-03-30,235000.0
251,,single_family,1962.0,450 SW Frenwood Way,5.0,3.0,7841.0,899950.0,2021-02-16,503500.0
252,,single_family,1981.0,17109 NW Woodmere Ct,4.0,3.0,21344.0,945000.0,2013-06-21,435000.0
253,,single_family,2018.0,16949 SW Friendly Ln,4.0,3.0,2614.0,689900.0,2018-08-23,501675.0
254,,single_family,1973.0,15775 SW Village Cir,1.0,1.0,3049.0,369500.0,,
255,,single_family,2003.0,10594 SW Adele Dr,4.0,3.0,2614.0,649900.0,2004-01-23,80000.0
256,,single_family,1981.0,19518 SW Alderwood Ct,4.0,3.0,10019.0,689000.0,1981-12-01,84100.0
257,,single_family,2013.0,14290 SW Compass Dr,4.0,3.0,1307.0,575000.0,2019-05-06,435000.0
258,,single_family,1994.0,149 SW Seminole Dr,3.0,3.0,8712.0,529900.0,2015-04-30,285000.0
259,,townhomes,1980.0,18107 SW Monte Verdi Blvd,3.0,2.0,3920.0,389900.0,2016-07-22,278000.0
260,,single_family,1979.0,1842 SW Edgewood Ct,3.0,3.0,8712.0,599900.0,1992-08-03,108000.0
261,,single_family,1983.0,2136 SW 218th Pl,3.0,2.0,6970.0,475000.0,2015-07-01,230000.0
262,,single_family,1979.0,12670 SW Galloway Ct,3.0,3.0,7405.0,570000.0,1998-09-15,157500.0
263,,single_family,2005.0,6932 SW 202nd Ter,4.0,3.0,3049.0,475000.0,2005-12-15,233500.0
264,,condos,1981.0,650 SW Meadow Dr Unit 210,2.0,2.0,,269995.0,1980-10-01,51900.0
265,,single_family,2015.0,14045 SW Compass Dr,4.0,4.0,1742.0,675000.0,2015-05-01,379995.0
266,,single_family,1987.0,16650 SW Waterleaf St,3.0,2.0,9148.0,585000.0,1998-03-23,175000.0
267,,single_family,2006.0,4476 SW Shem Ter,3.0,3.0,2614.0,525000.0,2022-05-02,510000.0
268,,single_family,2003.0,16745 NW Arizona Dr,3.0,3.0,3485.0,595000.0,2016-08-05,400000.0
269,,condos,2018.0,17124 SW Appledale Rd Unit 301,1.0,1.0,,289000.0,,
270,,single_family,1989.0,7690 SW 184th Ave,3.0,3.0,8712.0,590000.0,2022-04-08,563000.0
271,,single_family,1990.0,16247 NW Kevin Ct,3.0,3.0,6970.0,640000.0,2002-07-09,229900.0
272,,single_family,1960.0,13030 SW Burlwood St,3.0,1.0,7405.0,545000.0,2017-10-05,340000.0
273,,single_family,1996.0,15947 SW Breccia Dr,5.0,3.0,7405.0,775000.0,2011-08-08,331000.0
274,,single_family,1996.0,15760 SW Galena Way,5.0,3.0,6098.0,700000.0,1996-08-22,184900.0
275,,condos,1979.0,10395 SW Trapper Ter,3.0,2.0,,395000.0,2019-11-15,237500.0
276,,single_family,1981.0,13135 SW Thatcher Dr,3.0,2.0,7405.0,499000.0,2010-09-24,215000.0
277,,single_family,1963.0,2960 SW 113th Ave,4.0,3.0,7841.0,535000.0,1979-05-01,81000.0
278,,single_family,2000.0,4831 SW 175th Ave,3.0,3.0,5663.0,519000.0,2020-06-17,404000.0
279,,single_family,1963.0,6979 SW 202nd Ter,5.0,4.0,10454.0,599900.0,2006-04-26,291888.0
280,,single_family,2020.0,17571 SW Butterfly Ct,3.0,3.0,4356.0,700000.0,2021-03-04,599900.0
281,,townhomes,2002.0,6175 SW 182nd Ter,3.0,3.0,,409000.0,2020-07-22,306900.0
282,,single_family,1972.0,5635 SW 166th Ave,3.0,2.0,7405.0,475000.0,1995-11-08,120000.0
283,,single_family,1977.0,11840 SW Robbins Dr,3.0,2.0,11326.0,685000.0,2006-01-03,273000.0
284,,single_family,2022.0,4377 SW Bella Pl,3.0,3.0,3920.0,1100000.0,,
285,,single_family,1948.0,6502 SW Vermont St,3.0,2.0,13068.0,564950.0,1979-03-01,64950.0
286,,single_family,,12400 SW Strobel Rd,3.0,,,870990.0,,
287,,single_family,1989.0,15220 SW Lark Ln,5.0,5.0,8712.0,1050000.0,2018-10-15,650000.0
288,,townhomes,2005.0,2302 NW Roseburg Ter,3.0,3.0,2178.0,443500.0,2006-03-02,213730.0
289,,single_family,1995.0,16685 SW Springwater Ct,4.0,3.0,8712.0,800000.0,2012-08-03,380000.0
290,,single_family,1963.0,510 SW 126th Ave,4.0,3.0,8712.0,674900.0,2018-07-06,480000.0
291,,single_family,1980.0,6458 SW 153rd Ave,3.0,2.0,8276.0,540900.0,1998-07-28,178250.0
292,,single_family,1972.0,6275 SW Cross Creek Dr,3.0,2.0,7841.0,499900.0,1998-09-30,139900.0
293,,single_family,2003.0,15430 SW Cynthia Ln,4.0,3.0,5227.0,750000.0,2003-11-14,359000.0
294,,single_family,2022.0,78 SW Doubletop Dr,4.0,3.0,,658990.0,,
295,,mobile,1999.0,17710 SW Independence Way,3.0,2.0,,117000.0,1996-09-20,17900.0
296,,single_family,1977.0,6605 SW Nehalem Ln,3.0,3.0,9148.0,685000.0,2015-05-20,405000.0
297,,single_family,2005.0,12680 SW 158th Ter,4.0,3.0,2178.0,499900.0,2016-10-14,345500.0
298,,single_family,1951.0,2045 SW 78th Ave,4.0,2.0,20909.0,654900.0,2000-11-22,185000.0
299,,single_family,1992.0,14910 SW Vulcan Ct,3.0,3.0,7405.0,699000.0,2011-08-22,349000.0
300,,multi_family,1974.0,17170 SW Merlo Rd,10.0,8.0,14999.0,1050000.0,2005-11-30,372000.0
301,,single_family,1989.0,18224 SW Fallatin Loop,4.0,3.0,5227.0,599999.0,1997-05-09,190000.0
302,,single_family,2001.0,7755 SW Laird Pl,4.0,3.0,4792.0,740000.0,2020-02-13,456000.0
303,,single_family,1992.0,20853 SW Parker Ct,5.0,2.0,4356.0,548500.0,2013-10-04,269000.0
304,,single_family,1978.0,20320 SW Blaine St,3.0,2.0,7405.0,600000.0,2019-12-19,400000.0
305,,single_family,1987.0,7575 SW 194th Ter,3.0,3.0,8712.0,579900.0,1987-06-01,24500.0
306,,single_family,1963.0,6570 SW 155th Ave,3.0,3.0,19166.0,725000.0,2013-11-20,286000.0
307,,single_family,1983.0,15575 SW Bridle Hills Dr,3.0,2.0,6970.0,575000.0,2015-10-19,316000.0
308,,single_family,1994.0,9085 SW 182nd Ave,4.0,3.0,10019.0,825000.0,2017-03-07,540000.0
309,,multi_family,1969.0,6140 SW Valley Ave,9.0,7.0,14999.0,1250000.0,2017-02-08,650000.0
310,,single_family,2003.0,20073 SW Hollis Ct,4.0,3.0,3920.0,519900.0,2015-09-03,289500.0
311,,townhomes,2005.0,1614 SW 172nd Ter,2.0,3.0,1307.0,410000.0,2018-11-02,315000.0
312,,townhomes,2006.0,15340 SW Warbler Way Unit 104,2.0,3.0,,415000.0,2017-08-03,272000.0
313,,single_family,2003.0,17342 NW LA Paloma Ln,4.0,3.0,3049.0,614900.0,2017-08-18,402500.0
314,,single_family,1970.0,19295 SW Wright St,3.0,2.0,10454.0,525000.0,2014-09-05,239000.0
315,,single_family,2003.0,4127 NW Scottsdale Dr,4.0,3.0,5663.0,774900.0,2019-03-22,510000.0
316,,single_family,2003.0,16760 NW Oak Creek Dr,3.0,3.0,3049.0,599000.0,2002-09-24,203980.0
317,,condos,2016.0,171 NE 79th Ave,2.0,3.0,,400000.0,2019-03-12,308000.0
318,,single_family,1996.0,9540 SW 158th Ave,4.0,3.0,6534.0,699000.0,2005-12-29,350000.0
319,,single_family,1999.0,16434 SW Cornelian Way,5.0,3.0,6098.0,774900.0,2019-11-08,499000.0
320,,single_family,2016.0,374 SW 202nd Ter,4.0,3.0,,599950.0,2016-03-18,356514.0
321,,single_family,2018.0,16923 SW Friendly Ln,4.0,3.0,2614.0,670000.0,,
322,,single_family,1970.0,13665 SW Parkway,5.0,3.0,7405.0,699000.0,,
323,,single_family,2022.0,8520 SW 176th Ave,4.0,3.0,,779950.0,,
324,,townhomes,2003.0,1401 SW 175th Ave,3.0,3.0,2178.0,425000.0,2015-03-31,212000.0
325,,condos,1979.0,10047 SW Trapper Ter,3.0,2.0,,324999.0,2018-08-07,250000.0
326,,single_family,2018.0,17223 SW Kite Ln,4.0,3.0,3920.0,775000.0,,
327,,single_family,1973.0,18005 SW Salix Ridge St,4.0,2.0,6970.0,539000.0,2019-04-18,400000.0
328,,townhomes,1973.0,7340 SW Wilson Ct,2.0,2.0,,399900.0,2006-06-29,185000.0
329,,single_family,1993.0,18330 SW Jeremy St,5.0,3.0,10454.0,765000.0,2003-08-19,344900.0
330,,single_family,1983.0,7305 SW 158th Pl,3.0,2.0,3485.0,450000.0,2016-09-23,296500.0
331,,townhomes,2004.0,17257 SW Berkeley Ln,3.0,3.0,2614.0,419900.0,2004-10-08,174910.0
332,,single_family,1967.0,13775 SW 23rd St,3.0,1.0,6970.0,520000.0,2009-08-28,237000.0
333,,townhomes,1968.0,14150 SW 6th St,2.0,2.0,2178.0,375000.0,2018-05-18,319900.0
334,,single_family,2005.0,9750 SW Tephra Ter,3.0,3.0,4792.0,775000.0,2005-11-10,462763.0
335,,single_family,2007.0,9501 SW 164th Ave,5.0,3.0,4792.0,750000.0,2016-04-19,540000.0
336,,condos,1980.0,9040 SW 130th Ave,2.0,2.0,,270000.0,2015-08-18,140000.0
337,,single_family,2010.0,19950 SW Valiant Dr,4.0,3.0,5227.0,619950.0,2011-06-14,279990.0
338,,single_family,1995.0,20276 SW Lela Ln,3.0,2.0,6534.0,640000.0,2006-11-06,336500.0
339,,single_family,1985.0,13515 SW Weir Rd,4.0,3.0,9583.0,699300.0,2020-08-07,513000.0
340,,single_family,1972.0,5085 SW Normandy Pl,2.0,2.0,2614.0,349000.0,1990-03-15,67500.0
341,,single_family,1993.0,15003 SW Telluride Ter,6.0,4.0,14375.0,995000.0,2017-03-21,675000.0
342,,single_family,1997.0,16965 SW Cashew Way,3.0,3.0,2178.0,455000.0,2019-03-06,326500.0
343,,single_family,1992.0,16470 SW Nighthawk Dr,5.0,5.0,26572.0,1375000.0,2019-04-02,800000.0
344,,condos,1973.0,17550 SW Britetree Cir,1.0,1.0,,240000.0,2018-08-24,175000.0
345,,single_family,2013.0,3118 SW 197th Ave,3.0,3.0,3049.0,560000.0,2016-11-18,410000.0
346,,single_family,1975.0,14750 SW Carolwood Dr,4.0,3.0,6970.0,650000.0,,
347,,single_family,2013.0,557 SW 200th Ave,4.0,3.0,2178.0,599000.0,2017-08-18,395000.0
348,,single_family,2022.0,8826 SW 176th Ave Unit 13,3.0,3.0,4356.0,669950.0,,
349,,single_family,2022.0,8914 SW 176th Ave Unit 7,3.0,3.0,4356.0,669950.0,,
350,,single_family,1980.0,18047 SW Monte Verdi Blvd,3.0,2.0,3920.0,490000.0,2022-04-18,491500.0
351,,single_family,1974.0,18750 SW Honeywood Dr,4.0,3.0,15682.0,585000.0,,
352,,single_family,2000.0,16961 NW Arizona Dr,3.0,3.0,3049.0,549900.0,2006-01-12,290000.0
353,,single_family,1955.0,12255 SW 14th St,3.0,1.0,6098.0,475000.0,2012-03-30,155000.0
354,,single_family,2000.0,16942 NW Arizona Dr,3.0,3.0,3485.0,589900.0,2017-07-03,400000.0
355,,single_family,1998.0,8646 SW Muledeer Dr,5.0,6.0,10019.0,1350000.0,1998-11-02,450000.0
356,,townhomes,1998.0,13270 SW Commonwealth Ln,3.0,3.0,1742.0,484900.0,2019-10-23,335000.0
357,,condos,1978.0,17552 NW Shorewood Dr,2.0,2.0,,319000.0,2015-10-19,150000.0
358,,single_family,1976.0,20480 SW Jaylee St,4.0,2.0,9583.0,590000.0,2004-02-17,182300.0
359,,single_family,1958.0,3725 SW 106th Ave,3.0,1.0,8712.0,449900.0,2022-04-15,230000.0
360,,single_family,1979.0,16645 SW Rigert Ter,4.0,3.0,8712.0,672000.0,2022-04-19,658300.0
361,,condos,1978.0,1501 NW Tanasbrook Ct,2.0,2.0,,299000.0,,
362,,single_family,1990.0,13510 SW Hiteon Ln,5.0,3.0,16117.0,975000.0,1996-09-17,309000.0
363,,single_family,1996.0,20394 SW Rock Rd,4.0,2.0,8276.0,579900.0,2006-10-13,274000.0
364,,single_family,1978.0,19735 SW Sandra Ln,3.0,2.0,9583.0,549900.0,2011-06-01,220000.0
365,,single_family,1945.0,6270 SW Lombard Ave,3.0,2.0,16988.0,569000.0,2007-09-10,230000.0
366,,single_family,1990.0,10535 SW 135th Ave,3.0,3.0,7405.0,667500.0,1995-06-13,201500.0
367,,single_family,2012.0,17790 NW Cambray St,4.0,3.0,5227.0,710000.0,2015-05-11,410000.0
368,,townhomes,2005.0,16288 SW Gage Ln,3.0,3.0,871.0,419000.0,2018-07-25,310000.0
369,,single_family,1979.0,17740 SW Sumac Ln,4.0,3.0,7405.0,614999.0,2011-09-12,197000.0
370,,land,,19657 SW Boulder Ln,,0.0,8276.0,299000.0,2021-04-23,140000.0
371,,single_family,2022.0,17704 SW Loxley Dr,5.0,3.0,,949950.0,,
372,,single_family,1985.0,1280 SW 211th Pl,3.0,2.0,5663.0,465000.0,2019-05-10,375000.0
373,,single_family,2022.0,SW Silvertip St,3.0,3.0,,851000.0,,
374,,single_family,2022.0,SW Silvertip St,3.0,3.0,,838000.0,,
375,,single_family,2022.0,SW Silvertip St,3.0,2.0,,785000.0,,
376,,single_family,2022.0,SW Silvertip St,3.0,3.0,,842000.0,,
377,,single_family,2022.0,SW Silvertip St,3.0,3.0,,843000.0,,
378,,single_family,1950.0,7315 SW Sylvan Ct,3.0,2.0,12197.0,695000.0,2017-07-28,495000.0
379,,single_family,1981.0,7935 SW Santolina Pl,4.0,2.0,8276.0,599000.0,2022-05-03,551900.0
380,,single_family,2022.0,8531 SW Hamilton Ter,3.0,3.0,,749950.0,,
381,,single_family,2004.0,273 NW 209th Ave,4.0,3.0,3049.0,564900.0,2017-06-30,355000.0
382,,single_family,1969.0,15590 NW Norwich Cir,3.0,2.0,8276.0,899900.0,2021-10-15,659000.0
383,,single_family,2002.0,17288 NW Gold Canyon Ln,4.0,3.0,4792.0,687500.0,2007-10-31,375000.0
384,,single_family,1959.0,8430 SW Katherine Ln,4.0,3.0,8276.0,699900.0,1983-07-01,92000.0
385,,single_family,2008.0,15793 NW Telshire Ln,4.0,3.0,6970.0,850000.0,2008-10-07,500000.0
386,,single_family,2022.0,8536 SW 176th Ave,5.0,3.0,,819950.0,,
387,,condos,1978.0,12980 SW 5th St,3.0,3.0,,375000.0,1983-11-01,61500.0
388,,condos,1978.0,6745 SW Scholls Ferry Rd Apt 7,2.0,2.0,,250000.0,2020-06-26,215000.0
389,,single_family,2022.0,66 SW Doubletop Dr,4.0,3.0,,684990.0,,
390,,single_family,2022.0,67 SW Doubletop Dr,4.0,3.0,,684990.0,,
391,,condos,2022.0,18 SW Buckhorn Dr,3.0,2.0,,489990.0,,
392,,single_family,1992.0,1121 SW Tobias Way,3.0,2.0,5227.0,500000.0,2014-04-18,210000.0
393,,single_family,1976.0,6890 SW Larkspur Pl,3.0,3.0,7405.0,614900.0,2017-09-12,348500.0
394,,single_family,1988.0,2120 NW 159th Pl,3.0,3.0,6534.0,624900.0,2020-05-05,479900.0
395,,single_family,1996.0,20589 SW Keylock Ln,3.0,3.0,4792.0,525000.0,2022-04-01,415000.0
396,,single_family,1993.0,7388 SW 173rd Pl,4.0,3.0,5227.0,519900.0,2020-04-24,379000.0
397,,single_family,1978.0,9085 SW Rebecca Ln,3.0,2.0,10454.0,599000.0,2018-03-09,413000.0
398,,single_family,2020.0,12335 SW 174th Ter,4.0,3.0,3920.0,850000.0,2020-04-10,597900.0
399,,single_family,2022.0,8574 SW 176th Ave,3.0,3.0,,729950.0,,
400,,single_family,2010.0,20991 SW Sister Ln,4.0,3.0,2614.0,615000.0,2021-08-30,515900.0
401,,single_family,1955.0,8575 SW Sorrento Rd,5.0,3.0,9148.0,699900.0,1991-05-29,123000.0
402,,condos,2005.0,8660 SW 147th Ter Unit 102,2.0,3.0,,385000.0,2015-11-12,195100.0
403,,single_family,1934.0,7205 SW Benz Park Dr,3.0,2.0,8276.0,749000.0,2003-05-19,296000.0
404,,single_family,1983.0,1560 SW 187th Ave,2.0,2.0,10019.0,449000.0,2008-07-10,234900.0
405,,single_family,1986.0,14120 SW Tennessee Ln,4.0,4.0,7405.0,699900.0,2018-02-28,533000.0
406,,single_family,1953.0,7645 SW Copel St,3.0,2.0,11761.0,999000.0,2010-04-15,539000.0
407,,single_family,2022.0,4816 SW 179th Ave,3.0,3.0,,599999.0,,
408,,single_family,2017.0,2917 SW 198th Ave,5.0,3.0,5663.0,759990.0,,
409,,mobile,1979.0,100 SW 195th Ave Unit 1,3.0,2.0,,119999.0,,
410,,condos,1987.0,6160 SW Alice Ln Apt 301B,2.0,2.0,,300000.0,2022-03-09,240900.0
411,,single_family,2019.0,9687 SW Ridge Dr,3.0,3.0,7405.0,771000.0,2022-05-10,742800.0
412,,single_family,1993.0,7470 SW 131st Ave,4.0,2.0,13504.0,575000.0,1995-07-20,147000.0
413,,single_family,1968.0,18010 SW Augusta Ln,3.0,1.0,7841.0,469900.0,2019-06-27,322000.0
414,,condos,2022.0,17 SW Buckhorn Dr Unit 1,4.0,3.0,,574990.0,,
415,,single_family,2004.0,6482 SW Fountain Grove Ter,3.0,3.0,4792.0,578000.0,2022-05-05,574000.0
416,,mobile,2004.0,820 SW Williamsburg Way,2.0,2.0,,112900.0,1992-09-20,19450.0
417,,single_family,2018.0,17878 SW Meadowbrook Way,4.0,3.0,3049.0,565000.0,2018-12-04,426500.0
418,,multi_family,1945.0,7275 SW Canyon Ln,5.0,5.0,,980000.0,1999-05-20,250000.0
419,,single_family,2022.0,17683 SW Cobb Ln,5.0,3.0,,849900.0,,
420,,condos,2006.0,15050 SW Mallard Dr Unit 203,1.0,1.0,,299900.0,2015-04-03,145000.0
421,,condos,2009.0,11845 NW Stone Mountain Ln Unit 403,1.0,1.0,,279000.0,,
422,,single_family,1993.0,13665 SW Otter Ln,3.0,3.0,7405.0,769900.0,2001-08-15,285000.0
423,,single_family,1988.0,10585 SW 135th Ave,5.0,3.0,6970.0,799000.0,1987-11-01,25500.0
424,,single_family,1992.0,19584 SW Jessica Ct,4.0,3.0,6098.0,599900.0,2016-06-09,420100.0
425,,single_family,2022.0,8552 SW 176th Ave Lot 9,5.0,3.0,,809950.0,,
426,,single_family,1977.0,7580 SW Erica Pl,3.0,3.0,9583.0,695000.0,2006-11-09,352500.0
427,,townhomes,2001.0,16161 SW Audubon St Unit 103,3.0,3.0,,385000.0,2011-09-30,140000.0
428,,single_family,1960.0,13925 SW Ronald Ct,3.0,2.0,7841.0,485000.0,1992-08-10,78000.0
429,,single_family,1984.0,15418 NW White Fox Dr,4.0,3.0,9148.0,635000.0,2015-08-25,398000.0
430,,single_family,1972.0,11390 SW Cardinal Ter,4.0,3.0,8712.0,749999.0,,
431,,single_family,1996.0,17589 SW Oviatt St,4.0,3.0,6970.0,707000.0,2022-05-02,681600.0
432,,single_family,1947.0,9420 SW Pinehurst Dr,3.0,2.0,7841.0,589000.0,2009-06-12,138000.0
433,,townhomes,2002.0,15562 SW Black Quartz St,2.0,3.0,1307.0,428000.0,2013-11-15,137000.0
434,,single_family,1997.0,16715 NW Pebble Beach Way,4.0,3.0,9148.0,929000.0,2012-03-09,464900.0
435,,land,,11470 SW Allen Blvd,,0.0,13939.0,509000.0,,
436,,townhomes,2007.0,10842 NE Red Wing Way Unit 203,2.0,3.0,,375000.0,2017-07-31,248600.0
437,,single_family,1968.0,18068 SW Sandra Ln,3.0,2.0,7405.0,599991.0,2014-06-26,205000.0
438,,single_family,1957.0,18390 SW Sandra Ln,4.0,3.0,14810.0,695000.0,2017-09-08,452900.0
439,,single_family,1992.0,10980 SW Avocet Ct,4.0,4.0,33541.0,1250000.0,1995-12-01,530000.0
440,,single_family,2005.0,12700 SW 158th Ter,4.0,3.0,2178.0,574900.0,2019-12-26,392000.0
441,,single_family,1977.0,11935 SW Robbins Dr,4.0,3.0,13939.0,699000.0,2017-08-25,437000.0
442,,single_family,1993.0,21809 SW Kristin Ct,3.0,2.0,5227.0,569000.0,2022-04-11,502400.0
443,,single_family,1994.0,10235 SW Snowgoose Pl,5.0,3.0,8276.0,899000.0,2020-06-24,720000.0
444,,single_family,2022.0,4812 SW 179th Ave,4.0,3.0,,609900.0,,
445,,single_family,2022.0,4832 SW 179th Ave,5.0,3.0,,629900.0,,
446,,single_family,2022.0,4848 SW 179th Ave,5.0,3.0,,629900.0,,
447,,single_family,2022.0,4791 SW 179th Ave,4.0,3.0,,609900.0,,
448,,single_family,2022.0,4803 SW 179th Ave,5.0,3.0,,629900.0,,
449,,single_family,2013.0,327 SW 208th Ave,3.0,3.0,4356.0,665000.0,2013-08-30,339623.0
450,,single_family,1986.0,8170 SW Connemara Ter,4.0,3.0,7841.0,700000.0,2000-06-28,230000.0
451,,single_family,1969.0,13225 SW Hart Rd,4.0,2.0,13068.0,699000.0,2017-03-27,460000.0
452,,single_family,1890.0,6923 SW Marlin Ct,4.0,2.0,4356.0,484850.0,2018-02-20,259500.0
453,,mobile,1989.0,863 SW Liberty Bell Dr,3.0,2.0,,139900.0,,
454,,single_family,,20040 SW Gassner Rd,4.0,3.0,60984.0,1350000.0,,
455,,multi_family,1995.0,3920 SW Pinewood Way,6.0,6.0,6999.0,649900.0,2003-10-16,240000.0
456,,single_family,1994.0,202 SW 212th Ave,4.0,3.0,6098.0,648800.0,2017-04-20,390900.0
457,,single_family,1998.0,2315 NW 160th Ave,5.0,4.0,8276.0,825000.0,2008-06-30,500000.0
458,,single_family,2003.0,20632 SW Marimar St,3.0,3.0,2178.0,459900.0,2013-08-09,153000.0
459,,multi_family,1975.0,17354 SW Merlo Rd,10.0,8.0,14999.0,1195000.0,2019-02-08,250000.0
460,,townhomes,2001.0,15581 SW Black Quartz St,3.0,2.0,1307.0,414000.0,2022-04-11,402000.0
461,,single_family,2002.0,15985 SW Catbird Ln,5.0,4.0,7841.0,825000.0,2003-07-11,269000.0
462,,single_family,1955.0,17257 SW Reem Ln,3.0,2.0,5663.0,495000.0,2018-11-29,365000.0
463,,single_family,1945.0,13500 SW 2nd St,2.0,2.0,22216.0,399900.0,2003-05-30,155000.0
464,,single_family,2004.0,8365 SW 195th Pl,5.0,4.0,4356.0,650000.0,2018-04-12,479000.0
465,,townhomes,2002.0,20675 NW Painted Mountain Dr,3.0,3.0,1742.0,439000.0,2018-05-04,281200.0
466,,single_family,2004.0,7693 SW Carrollon Dr,3.0,3.0,5227.0,599999.0,2017-06-30,419000.0
467,,single_family,2000.0,18521 SW Mandy Ct,3.0,4.0,5663.0,649900.0,2020-06-17,468700.0
468,,condos,1970.0,14405 SW 27th Ct,3.0,2.0,,470000.0,2022-04-28,482300.0
469,,single_family,2005.0,19021 SW York St,3.0,3.0,3485.0,575000.0,2016-10-21,395000.0
470,,single_family,2022.0,8508 SW Ravine Dr Lot 17,5.0,3.0,,829950.0,,
471,,multi_family,1969.0,11900 SW Iron Horse Ln,5.0,4.0,9999.0,650000.0,2021-04-26,450000.0
472,,single_family,1960.0,20650 SW Johnson St,3.0,2.0,13068.0,450000.0,1981-02-01,59950.0
473,,single_family,1989.0,16384 NW Charlais St,4.0,3.0,5663.0,699900.0,2000-05-25,205000.0
474,,single_family,1988.0,18410 SW Pheasant Ln,2.0,2.0,9583.0,519500.0,,
475,,single_family,1969.0,19690 SW Jaylee St,3.0,2.0,13939.0,520000.0,1994-02-24,102000.0
476,,condos,2018.0,17182 SW Appledale Rd Unit 404,1.0,1.0,,280000.0,2020-06-16,231000.0
477,,land,,13470 SW Farmington Rd,,0.0,10454.0,599000.0,,
478,,single_family,1997.0,7794 SW Leland Dr,4.0,2.0,8712.0,650000.0,2015-05-27,405000.0
479,,condos,1998.0,14325 SW Barrows Rd,2.0,3.0,,399900.0,2014-12-16,185500.0
480,,single_family,1993.0,8825 SW Goldstone Pl,4.0,3.0,6970.0,685000.0,2022-06-15,700000.0
481,,single_family,1994.0,3520 SW 110th Ave,3.0,3.0,8712.0,629900.0,2021-12-29,590000.0
482,,single_family,2022.0,8876 SW 176th Ave Unit 10,4.0,3.0,4356.0,699950.0,,
483,,single_family,2003.0,20757 SW Skiver St,4.0,3.0,2178.0,485000.0,2022-06-09,490000.0
484,,mobile,1995.0,17476 NW Shady Fir Loop Unit 12,3.0,2.0,,239000.0,,
485,,single_family,1982.0,7736 SW Canyon Ln,4.0,2.0,10890.0,699900.0,1984-07-01,42471.0
486,,single_family,1959.0,13125 SW Burlwood St,3.0,2.0,8712.0,604000.0,2022-04-20,540000.0
487,,single_family,1981.0,4160 SW 205th Ave,3.0,2.0,8276.0,554000.0,2022-03-29,517200.0
488,,mobile,1979.0,100 SW 195th Ave Unit 189,2.0,2.0,,149995.0,1992-07-01,26000.0
489,,single_family,1963.0,7295 SW 68th Ave,3.0,2.0,9148.0,614000.0,2022-03-17,563000.0
490,,single_family,2006.0,16441 SW Goldview Way,5.0,3.0,5227.0,799000.0,2007-05-31,525000.0
491,,land,,Sw Waterleaf,,0.0,,429000.0,,
492,,single_family,1964.0,6865 SW Briarcliff Cir,3.0,2.0,6534.0,554900.0,2022-02-25,418000.0
493,,single_family,1985.0,3579 NW Paisley Ct,3.0,3.0,8712.0,649000.0,2022-06-06,683000.0
494,,multi_family,1998.0,4236 SW Laducer Pl,11.0,8.0,14999.0,1395000.0,1998-12-30,113000.0
495,,land,,4425 SW 109th Ave,,0.0,8712.0,499900.0,2010-03-24,170000.0
496,,single_family,1990.0,7560 SW 157th Ave,3.0,3.0,6970.0,554900.0,2002-11-04,194000.0
497,,single_family,2001.0,16575 SW Red Rock Ct,5.0,4.0,15246.0,849000.0,2021-11-12,839500.0
498,,single_family,2007.0,21646 SW Susan Ln,5.0,3.0,5227.0,769900.0,2007-12-21,422427.0
499,,single_family,2022.0,8890 SW 176th Ave,4.0,3.0,4356.0,695950.0,,
500,,single_family,2022.0,8906 SW 176th Ave,4.0,3.0,4792.0,695950.0,,
501,,townhomes,1981.0,6760 SW 180th Ave,3.0,2.0,3920.0,444900.0,2021-07-23,362500.0
502,,single_family,1993.0,16190 NW Spyglass Dr,3.0,3.0,5227.0,675000.0,2022-05-26,728000.0
503,,land,,3160 SW 182nd Ave,,0.0,8276.0,335000.0,2018-01-31,235000.0
504,,condos,1998.0,10690 SW Davies Rd Unit 50,2.0,1.0,,265000.0,2016-09-30,149000.0
505,,single_family,1988.0,16038 SW Old Oak Dr,3.0,2.0,4356.0,548900.0,2022-06-10,555000.0
506,,land,,17775 SW Baseline Rd,,0.0,47480.0,800000.0,2005-05-12,600000.0
507,,single_family,2022.0,8547 SW Hamilton Ter,4.0,3.0,,779950.0,,
508,,single_family,1977.0,1775 SW Pheasant Dr,3.0,3.0,10019.0,699000.0,2005-09-30,359900.0
509,,condos,2022.0,9 SW Strobel Ln Unit 1,5.0,4.0,,624990.0,,
510,,single_family,1973.0,18029 NW Faye Ct,3.0,2.0,3920.0,462000.0,2022-03-14,421000.0
511,,single_family,1962.0,2730 SW West Point Ave,4.0,4.0,13504.0,1795000.0,,
512,,single_family,1969.0,2030 SW 195th Ave,3.0,1.0,7841.0,360000.0,,
513,,townhomes,2005.0,2337 NW Roseburg Ter,2.0,3.0,1742.0,435500.0,2019-12-20,315000.0
514,,single_family,2019.0,15618 SW Wren Ln,6.0,4.0,4792.0,799900.0,2019-07-24,574995.0
515,,land,,425 SW Devonwood Ave,,0.0,10454.0,400000.0,1986-12-01,46500.0
516,,single_family,2013.0,,4.0,3.0,3485.0,619900.0,2013-12-13,279995.0
517,,single_family,1993.0,20137 SW Inglis Dr,5.0,3.0,43560.0,1788111.0,1993-02-09,85000.0
518,,single_family,1971.0,13125 SW Butner Ct,4.0,2.0,8276.0,414000.0,,
519,,condos,1984.0,15000 SW Farmington Rd Apt 45,2.0,2.0,,315000.0,,
520,,single_family,2000.0,16445 SW Loon Dr,4.0,3.0,6098.0,799900.0,2016-04-19,511000.0
521,,land,,122 NW 152nd Ave,,0.0,7405.0,350000.0,,
522,,single_family,2022.0,19744 SW Alderview Ct,5.0,3.0,4792.0,865500.0,,
523,,single_family,2022.0,19726 SW Alderview Ct,5.0,3.0,5227.0,850000.0,,
524,,single_family,2019.0,12170 SW 173rd Ter,4.0,4.0,4356.0,1050000.0,,
525,,single_family,2022.0,SW Silvertip St,4.0,3.0,,849000.0,,
526,,single_family,2022.0,SW Silvertip St,4.0,3.0,,837000.0,,
527,,single_family,2022.0,SW Silvertip St,3.0,3.0,,813000.0,,
528,,single_family,2022.0,SW Silvertip St,2.0,3.0,,792000.0,,
529,,single_family,2022.0,SW Silvertip St,3.0,4.0,,810000.0,,
530,,single_family,2022.0,SW Silvertip St,3.0,2.0,,733000.0,,
531,,single_family,2022.0,SW Silvertip St,3.0,3.0,,816000.0,,
532,,single_family,2022.0,SW Silvertip St,3.0,3.0,,807000.0,,
533,,single_family,2022.0,SW Silvertip St,5.0,3.0,,917000.0,,
534,,single_family,2022.0,SW Silvertip St,3.0,3.0,,765000.0,,
535,,single_family,1983.0,7075 SW 160th Ave,3.0,2.0,7841.0,544000.0,2022-02-22,525000.0
536,,single_family,1957.0,18235 SW Blanton St,3.0,2.0,8276.0,495000.0,2021-10-19,498000.0
537,,condos,2022.0,16 SW Buckhorn Dr Unit 2,3.0,2.0,,486990.0,,
538,,townhomes,2002.0,17387 SW Novato Ln,3.0,3.0,3049.0,400000.0,2020-05-26,325000.0
539,,single_family,1979.0,9690 SW Hialeah Dr,3.0,2.0,8712.0,594000.0,2022-02-18,619000.0
540,,single_family,1950.0,3275 SW 170th Ave,3.0,2.0,10019.0,404000.0,2022-02-14,392600.0
541,,mobile,2005.0,17620 SW Bunker Oak Rd,4.0,2.0,,180000.0,,
542,,single_family,2022.0,2728 SW 178th Ave,4.0,4.0,,675300.0,,
543,,single_family,1974.0,18600 SW Castle Dr,3.0,2.0,8712.0,534000.0,2017-10-13,335000.0
544,,single_family,2022.0,8240 SE Blanton St,3.0,3.0,,579950.0,,
545,,single_family,2016.0,17674 SW Aidan Ct,3.0,3.0,2614.0,550000.0,2016-06-29,329900.0
546,,land,,3011 SW 170th Ave,,0.0,142006.0,3780000.0,,
547,,condos,2022.0,16 SW Buckhorn Dr Unit 1,4.0,3.0,,562990.0,,
548,,single_family,2022.0,8222 SE Blanton,3.0,3.0,,576990.0,,
549,,single_family,1963.0,7985 SW West Slope Dr,4.0,3.0,13504.0,808000.0,2021-09-29,731900.0
550,,single_family,2022.0,8194 SE Blanton St,3.0,3.0,,554950.0,,
551,,single_family,2022.0,8204 SE Blanton St,3.0,3.0,,552950.0,,
552,,condos,2022.0,15 SW Buckhorn Dr Unit 1,4.0,3.0,,549990.0,,
553,,single_family,1998.0,19093 SW Christopher Dr,3.0,3.0,5227.0,468000.0,2021-10-20,432500.0
554,,single_family,1982.0,15119 SW Barcelona Way,3.0,2.0,4792.0,515000.0,1998-10-09,145000.0
555,,condos,2022.0,10 SW Buckhorn Dr Unit 2,3.0,3.0,,470990.0,,
556,,townhomes,2022.0,10 SW Buckhorn Dr Unit 1,5.0,3.0,,600990.0,,
557,,condos,2022.0,10 SW Buckhorn Dr Unit 3,3.0,3.0,,516990.0,,
558,,land,,SW 175th Ave,,0.0,435600.0,4000000.0,,
559,,condos,2022.0,19 SW Sugarloaf Ln Unit 2,3.0,2.0,,464990.0,,
560,,single_family,1955.0,10720 SW Walker Rd,3.0,2.0,16117.0,435000.0,,
561,,condos,2022.0,20 SW Sugarloaf Ln Unit 2,3.0,2.0,,441990.0,,
562,,condos,2022.0,22 SW Sugarloaf Ln Unit 1,4.0,3.0,,535990.0,,
563,,condos,2022.0,22 SW Sugarloaf Ln Unit 2,3.0,2.0,,434990.0,,
564,,single_family,1980.0,11639 SW Champlin Ln,3.0,2.0,89734.0,,2005-01-13,395000.0
565,,land,,SW Emerald Vw,,0.0,5227.0,260000.0,,
566,,farm,,7385 SW 189th Ave,,0.0,229126.0,1750000.0,1990-09-19,135000.0
567,,single_family,1955.0,15095 SW Weir Rd,6.0,3.0,56192.0,1095000.0,1997-04-02,340000.0
568,,single_family,1953.0,6365 SW 185th Ave,3.0,1.0,20909.0,549900.0,1996-08-28,121500.0
569,,condos,2006.0,10866 NE Red Wing Way Unit 102,1.0,1.0,,225000.0,2007-02-12,138714.0
570,,single_family,2021.0,7985 SE Roaring Ln,3.0,3.0,,518950.0,,
571,,single_family,1929.0,2330 SW 170th Ave,3.0,1.0,11761.0,525000.0,2003-10-10,191000.0
572,,land,,3140 SW 209th Ave,,0.0,131116.0,4000000.0,,
573,,single_family,1985.0,6060 SW 190th Ave,3.0,2.0,75359.0,650000.0,1998-03-20,245000.0
574,,single_family,1935.0,7400 SW Hall Blvd,2.0,1.0,42253.0,725000.0,2007-02-05,385000.0
575,,land,,4622 SW 229th Ave,,0.0,528818.0,1100000.0,,
